path,label
tr/X000001.jpg,4
tr/X000002.jpg,2
tr/X000003.jpg,4
tr/X000004.jpg,4
tr/X000005.jpg,5
tr/X000006.jpg,1
tr/X000007.jpg,3
tr/X000008.jpg,5
tr/X000009.jpg,1
tr/X000010.jpg,5
tr/X000011.jpg,5
tr/X000012.jpg,4
tr/X000013.jpg,3
tr/X000014.jpg,2
tr/X000015.jpg,3
tr/X000016.jpg,2
tr/X000017.jpg,4
tr/X000018.jpg,4
tr/X000019.jpg,3
tr/X000020.jpg,2
tr/X000021.jpg,5
tr/X000022.jpg,1
tr/X000023.jpg,2
tr/X000024.jpg,1
tr/X000025.jpg,5
tr/X000026.jpg,4
tr/X000027.jpg,2
tr/X000028.jpg,4
tr/X000029.jpg,4
tr/X000030.jpg,4
tr/X000031.jpg,4
tr/X000032.jpg,3
tr/X000033.jpg,2
tr/X000034.jpg,4
tr/X000035.jpg,6
tr/X000036.jpg,5
tr/X000037.jpg,1
tr/X000038.jpg,6
tr/X000039.jpg,5
tr/X000040.jpg,1
tr/X000041.jpg,5
tr/X000042.jpg,1
tr/X000043.jpg,1
tr/X000044.jpg,4
tr/X000045.jpg,1
tr/X000046.jpg,2
tr/X000047.jpg,2
tr/X000048.jpg,5
tr/X000049.jpg,4
tr/X000050.jpg,4
tr/X000051.jpg,1
tr/X000052.jpg,4
tr/X000053.jpg,2
tr/X000054.jpg,4
tr/X000055.jpg,2
tr/X000056.jpg,1
tr/X000057.jpg,4
tr/X000058.jpg,2
tr/X000059.jpg,1
tr/X000060.jpg,1
tr/X000061.jpg,1
tr/X000062.jpg,4
tr/X000063.jpg,5
tr/X000064.jpg,3
tr/X000065.jpg,5
tr/X000066.jpg,3
tr/X000067.jpg,2
tr/X000068.jpg,5
tr/X000069.jpg,5
tr/X000070.jpg,5
tr/X000071.jpg,5
tr/X000072.jpg,2
tr/X000073.jpg,2
tr/X000074.jpg,1
tr/X000075.jpg,1
tr/X000076.jpg,2
tr/X000077.jpg,4
tr/X000078.jpg,2
tr/X000079.jpg,2
tr/X000080.jpg,4
tr/X000081.jpg,5
tr/X000082.jpg,2
tr/X000083.jpg,1
tr/X000084.jpg,2
tr/X000085.jpg,2
tr/X000086.jpg,1
tr/X000087.jpg,2
tr/X000088.jpg,5
tr/X000089.jpg,1
tr/X000090.jpg,1
tr/X000091.jpg,1
tr/X000092.jpg,3
tr/X000093.jpg,4
tr/X000094.jpg,1
tr/X000095.jpg,5
tr/X000096.jpg,1
tr/X000097.jpg,5
tr/X000098.jpg,4
tr/X000099.jpg,2
tr/X000100.jpg,1
tr/X000101.jpg,4
tr/X000102.jpg,6
tr/X000103.jpg,5
tr/X000104.jpg,5
tr/X000105.jpg,4
tr/X000106.jpg,2
tr/X000107.jpg,3
tr/X000108.jpg,3
tr/X000109.jpg,2
tr/X000110.jpg,4
tr/X000111.jpg,5
tr/X000112.jpg,4
tr/X000113.jpg,1
tr/X000114.jpg,2
tr/X000115.jpg,6
tr/X000116.jpg,3
tr/X000117.jpg,2
tr/X000118.jpg,5
tr/X000119.jpg,1
tr/X000120.jpg,5
tr/X000121.jpg,5
tr/X000122.jpg,4
tr/X000123.jpg,1
tr/X000124.jpg,1
tr/X000125.jpg,2
tr/X000126.jpg,5
tr/X000127.jpg,4
tr/X000128.jpg,1
tr/X000129.jpg,2
tr/X000130.jpg,2
tr/X000131.jpg,2
tr/X000132.jpg,5
tr/X000133.jpg,2
tr/X000134.jpg,1
tr/X000135.jpg,3
tr/X000136.jpg,2
tr/X000137.jpg,5
tr/X000138.jpg,1
tr/X000139.jpg,5
tr/X000140.jpg,4
tr/X000141.jpg,2
tr/X000142.jpg,5
tr/X000143.jpg,4
tr/X000144.jpg,2
tr/X000145.jpg,2
tr/X000146.jpg,6
tr/X000147.jpg,2
tr/X000148.jpg,2
tr/X000149.jpg,4
tr/X000150.jpg,1
tr/X000151.jpg,1
tr/X000152.jpg,2
tr/X000153.jpg,2
tr/X000154.jpg,4
tr/X000155.jpg,1
tr/X000156.jpg,5
tr/X000157.jpg,1
tr/X000158.jpg,3
tr/X000159.jpg,2
tr/X000160.jpg,5
tr/X000161.jpg,3
tr/X000162.jpg,4
tr/X000163.jpg,1
tr/X000164.jpg,3
tr/X000165.jpg,1
tr/X000166.jpg,6
tr/X000167.jpg,6
tr/X000168.jpg,6
tr/X000169.jpg,2
tr/X000170.jpg,2
tr/X000171.jpg,5
tr/X000172.jpg,4
tr/X000173.jpg,5
tr/X000174.jpg,4
tr/X000175.jpg,4
tr/X000176.jpg,4
tr/X000177.jpg,1
tr/X000178.jpg,4
tr/X000179.jpg,2
tr/X000180.jpg,1
tr/X000181.jpg,1
tr/X000182.jpg,4
tr/X000183.jpg,4
tr/X000184.jpg,2
tr/X000185.jpg,1
tr/X000186.jpg,2
tr/X000187.jpg,1
tr/X000188.jpg,4
tr/X000189.jpg,2
tr/X000190.jpg,6
tr/X000191.jpg,5
tr/X000192.jpg,1
tr/X000193.jpg,2
tr/X000194.jpg,4
tr/X000195.jpg,3
tr/X000196.jpg,1
tr/X000197.jpg,3
tr/X000198.jpg,4
tr/X000199.jpg,1
tr/X000200.jpg,1
tr/X000201.jpg,5
tr/X000202.jpg,5
tr/X000203.jpg,1
tr/X000204.jpg,1
tr/X000205.jpg,5
tr/X000206.jpg,5
tr/X000207.jpg,5
tr/X000208.jpg,6
tr/X000209.jpg,1
tr/X000210.jpg,4
tr/X000211.jpg,4
tr/X000212.jpg,1
tr/X000213.jpg,2
tr/X000214.jpg,2
tr/X000215.jpg,3
tr/X000216.jpg,4
tr/X000217.jpg,5
tr/X000218.jpg,2
tr/X000219.jpg,1
tr/X000220.jpg,5
tr/X000221.jpg,3
tr/X000222.jpg,4
tr/X000223.jpg,6
tr/X000224.jpg,4
tr/X000225.jpg,4
tr/X000226.jpg,4
tr/X000227.jpg,3
tr/X000228.jpg,2
tr/X000229.jpg,5
tr/X000230.jpg,5
tr/X000231.jpg,6
tr/X000232.jpg,2
tr/X000233.jpg,3
tr/X000234.jpg,5
tr/X000235.jpg,5
tr/X000236.jpg,3
tr/X000237.jpg,4
tr/X000238.jpg,3
tr/X000239.jpg,3
tr/X000240.jpg,3
tr/X000241.jpg,2
tr/X000242.jpg,4
tr/X000243.jpg,2
tr/X000244.jpg,5
tr/X000245.jpg,1
tr/X000246.jpg,5
tr/X000247.jpg,4
tr/X000248.jpg,1
tr/X000249.jpg,6
tr/X000250.jpg,4
tr/X000251.jpg,1
tr/X000252.jpg,3
tr/X000253.jpg,1
tr/X000254.jpg,3
tr/X000255.jpg,3
tr/X000256.jpg,5
tr/X000257.jpg,5
tr/X000258.jpg,2
tr/X000259.jpg,2
tr/X000260.jpg,3
tr/X000261.jpg,5
tr/X000262.jpg,1
tr/X000263.jpg,3
tr/X000264.jpg,4
tr/X000265.jpg,5
tr/X000266.jpg,3
tr/X000267.jpg,5
tr/X000268.jpg,1
tr/X000269.jpg,3
tr/X000270.jpg,2
tr/X000271.jpg,4
tr/X000272.jpg,4
tr/X000273.jpg,1
tr/X000274.jpg,6
tr/X000275.jpg,5
tr/X000276.jpg,5
tr/X000277.jpg,1
tr/X000278.jpg,1
tr/X000279.jpg,2
tr/X000280.jpg,2
tr/X000281.jpg,3
tr/X000282.jpg,5
tr/X000283.jpg,5
tr/X000284.jpg,2
tr/X000285.jpg,3
tr/X000286.jpg,5
tr/X000287.jpg,3
tr/X000288.jpg,5
tr/X000289.jpg,3
tr/X000290.jpg,1
tr/X000291.jpg,4
tr/X000292.jpg,3
tr/X000293.jpg,5
tr/X000294.jpg,2
tr/X000295.jpg,2
tr/X000296.jpg,2
tr/X000297.jpg,3
tr/X000298.jpg,5
tr/X000299.jpg,2
tr/X000300.jpg,4
tr/X000301.jpg,1
tr/X000302.jpg,2
tr/X000303.jpg,2
tr/X000304.jpg,2
tr/X000305.jpg,1
tr/X000306.jpg,2
tr/X000307.jpg,5
tr/X000308.jpg,5
tr/X000309.jpg,3
tr/X000310.jpg,5
tr/X000311.jpg,2
tr/X000312.jpg,2
tr/X000313.jpg,5
tr/X000314.jpg,3
tr/X000315.jpg,3
tr/X000316.jpg,4
tr/X000317.jpg,4
tr/X000318.jpg,4
tr/X000319.jpg,4
tr/X000320.jpg,5
tr/X000321.jpg,1
tr/X000322.jpg,2
tr/X000323.jpg,1
tr/X000324.jpg,4
tr/X000325.jpg,5
tr/X000326.jpg,5
tr/X000327.jpg,2
tr/X000328.jpg,2
tr/X000329.jpg,5
tr/X000330.jpg,5
tr/X000331.jpg,4
tr/X000332.jpg,1
tr/X000333.jpg,1
tr/X000334.jpg,1
tr/X000335.jpg,3
tr/X000336.jpg,2
tr/X000337.jpg,2
tr/X000338.jpg,5
tr/X000339.jpg,1
tr/X000340.jpg,1
tr/X000341.jpg,4
tr/X000342.jpg,2
tr/X000343.jpg,1
tr/X000344.jpg,4
tr/X000345.jpg,2
tr/X000346.jpg,4
tr/X000347.jpg,2
tr/X000348.jpg,4
tr/X000349.jpg,4
tr/X000350.jpg,1
tr/X000351.jpg,1
tr/X000352.jpg,4
tr/X000353.jpg,3
tr/X000354.jpg,4
tr/X000355.jpg,5
tr/X000356.jpg,5
tr/X000357.jpg,4
tr/X000358.jpg,4
tr/X000359.jpg,5
tr/X000360.jpg,1
tr/X000361.jpg,4
tr/X000362.jpg,5
tr/X000363.jpg,3
tr/X000364.jpg,5
tr/X000365.jpg,4
tr/X000366.jpg,4
tr/X000367.jpg,2
tr/X000368.jpg,4
tr/X000369.jpg,4
tr/X000370.jpg,2
tr/X000371.jpg,3
tr/X000372.jpg,4
tr/X000373.jpg,5
tr/X000374.jpg,5
tr/X000375.jpg,3
tr/X000376.jpg,2
tr/X000377.jpg,5
tr/X000378.jpg,2
tr/X000379.jpg,3
tr/X000380.jpg,4
tr/X000381.jpg,3
tr/X000382.jpg,2
tr/X000383.jpg,1
tr/X000384.jpg,4
tr/X000385.jpg,3
tr/X000386.jpg,6
tr/X000387.jpg,3
tr/X000388.jpg,5
tr/X000389.jpg,3
tr/X000390.jpg,2
tr/X000391.jpg,4
tr/X000392.jpg,4
tr/X000393.jpg,3
tr/X000394.jpg,2
tr/X000395.jpg,1
tr/X000396.jpg,3
tr/X000397.jpg,5
tr/X000398.jpg,3
tr/X000399.jpg,1
tr/X000400.jpg,1
tr/X000401.jpg,1
tr/X000402.jpg,4
tr/X000403.jpg,3
tr/X000404.jpg,3
tr/X000405.jpg,6
tr/X000406.jpg,5
tr/X000407.jpg,2
tr/X000408.jpg,3
tr/X000409.jpg,4
tr/X000410.jpg,3
tr/X000411.jpg,3
tr/X000412.jpg,5
tr/X000413.jpg,4
tr/X000414.jpg,4
tr/X000415.jpg,1
tr/X000416.jpg,4
tr/X000417.jpg,2
tr/X000418.jpg,1
tr/X000419.jpg,2
tr/X000420.jpg,3
tr/X000421.jpg,4
tr/X000422.jpg,5
tr/X000423.jpg,5
tr/X000424.jpg,1
tr/X000425.jpg,3
tr/X000426.jpg,2
tr/X000427.jpg,4
tr/X000428.jpg,5
tr/X000429.jpg,2
tr/X000430.jpg,1
tr/X000431.jpg,2
tr/X000432.jpg,3
tr/X000433.jpg,2
tr/X000434.jpg,1
tr/X000435.jpg,4
tr/X000436.jpg,5
tr/X000437.jpg,3
tr/X000438.jpg,5
tr/X000439.jpg,5
tr/X000440.jpg,3
tr/X000441.jpg,4
tr/X000442.jpg,3
tr/X000443.jpg,5
tr/X000444.jpg,3
tr/X000445.jpg,1
tr/X000446.jpg,1
tr/X000447.jpg,4
tr/X000448.jpg,1
tr/X000449.jpg,3
tr/X000450.jpg,2
tr/X000451.jpg,4
tr/X000452.jpg,3
tr/X000453.jpg,4
tr/X000454.jpg,1
tr/X000455.jpg,5
tr/X000456.jpg,5
tr/X000457.jpg,3
tr/X000458.jpg,2
tr/X000459.jpg,4
tr/X000460.jpg,2
tr/X000461.jpg,1
tr/X000462.jpg,3
tr/X000463.jpg,1
tr/X000464.jpg,6
tr/X000465.jpg,5
tr/X000466.jpg,3
tr/X000467.jpg,2
tr/X000468.jpg,5
tr/X000469.jpg,2
tr/X000470.jpg,2
tr/X000471.jpg,4
tr/X000472.jpg,1
tr/X000473.jpg,1
tr/X000474.jpg,2
tr/X000475.jpg,2
tr/X000476.jpg,4
tr/X000477.jpg,1
tr/X000478.jpg,1
tr/X000479.jpg,3
tr/X000480.jpg,3
tr/X000481.jpg,6
tr/X000482.jpg,5
tr/X000483.jpg,6
tr/X000484.jpg,2
tr/X000485.jpg,4
tr/X000486.jpg,4
tr/X000487.jpg,5
tr/X000488.jpg,5
tr/X000489.jpg,4
tr/X000490.jpg,6
tr/X000491.jpg,2
tr/X000492.jpg,1
tr/X000493.jpg,4
tr/X000494.jpg,5
tr/X000495.jpg,6
tr/X000496.jpg,5
tr/X000497.jpg,1
tr/X000498.jpg,3
tr/X000499.jpg,1
tr/X000500.jpg,5
tr/X000501.jpg,6
tr/X000502.jpg,2
tr/X000503.jpg,1
tr/X000504.jpg,3
tr/X000505.jpg,4
tr/X000506.jpg,6
tr/X000507.jpg,3
tr/X000508.jpg,1
tr/X000509.jpg,2
tr/X000510.jpg,6
tr/X000511.jpg,2
tr/X000512.jpg,1
tr/X000513.jpg,2
tr/X000514.jpg,1
tr/X000515.jpg,5
tr/X000516.jpg,4
tr/X000517.jpg,1
tr/X000518.jpg,2
tr/X000519.jpg,3
tr/X000520.jpg,5
tr/X000521.jpg,4
tr/X000522.jpg,2
tr/X000523.jpg,1
tr/X000524.jpg,5
tr/X000525.jpg,6
tr/X000526.jpg,2
tr/X000527.jpg,5
tr/X000528.jpg,6
tr/X000529.jpg,4
tr/X000530.jpg,4
tr/X000531.jpg,4
tr/X000532.jpg,4
tr/X000533.jpg,4
tr/X000534.jpg,1
tr/X000535.jpg,4
tr/X000536.jpg,4
tr/X000537.jpg,4
tr/X000538.jpg,4
tr/X000539.jpg,2
tr/X000540.jpg,4
tr/X000541.jpg,5
tr/X000542.jpg,1
tr/X000543.jpg,1
tr/X000544.jpg,3
tr/X000545.jpg,1
tr/X000546.jpg,3
tr/X000547.jpg,2
tr/X000548.jpg,2
tr/X000549.jpg,3
tr/X000550.jpg,3
tr/X000551.jpg,4
tr/X000552.jpg,4
tr/X000553.jpg,5
tr/X000554.jpg,4
tr/X000555.jpg,3
tr/X000556.jpg,1
tr/X000557.jpg,3
tr/X000558.jpg,4
tr/X000559.jpg,3
tr/X000560.jpg,1
tr/X000561.jpg,1
tr/X000562.jpg,5
tr/X000563.jpg,1
tr/X000564.jpg,3
tr/X000565.jpg,6
tr/X000566.jpg,4
tr/X000567.jpg,6
tr/X000568.jpg,2
tr/X000569.jpg,6
tr/X000570.jpg,4
tr/X000571.jpg,4
tr/X000572.jpg,1
tr/X000573.jpg,3
tr/X000574.jpg,4
tr/X000575.jpg,5
tr/X000576.jpg,2
tr/X000577.jpg,5
tr/X000578.jpg,2
tr/X000579.jpg,2
tr/X000580.jpg,4
tr/X000581.jpg,2
tr/X000582.jpg,5
tr/X000583.jpg,1
tr/X000584.jpg,4
tr/X000585.jpg,4
tr/X000586.jpg,3
tr/X000587.jpg,4
tr/X000588.jpg,6
tr/X000589.jpg,4
tr/X000590.jpg,4
tr/X000591.jpg,6
tr/X000592.jpg,4
tr/X000593.jpg,5
tr/X000594.jpg,3
tr/X000595.jpg,4
tr/X000596.jpg,2
tr/X000597.jpg,1
tr/X000598.jpg,3
tr/X000599.jpg,4
tr/X000600.jpg,3
tr/X000601.jpg,4
tr/X000602.jpg,6
tr/X000603.jpg,2
tr/X000604.jpg,2
tr/X000605.jpg,6
tr/X000606.jpg,4
tr/X000607.jpg,5
tr/X000608.jpg,4
tr/X000609.jpg,2
tr/X000610.jpg,3
tr/X000611.jpg,4
tr/X000612.jpg,2
tr/X000613.jpg,6
tr/X000614.jpg,2
tr/X000615.jpg,1
tr/X000616.jpg,1
tr/X000617.jpg,3
tr/X000618.jpg,3
tr/X000619.jpg,4
tr/X000620.jpg,5
tr/X000621.jpg,1
tr/X000622.jpg,5
tr/X000623.jpg,4
tr/X000624.jpg,4
tr/X000625.jpg,3
tr/X000626.jpg,2
tr/X000627.jpg,5
tr/X000628.jpg,4
tr/X000629.jpg,5
tr/X000630.jpg,1
tr/X000631.jpg,2
tr/X000632.jpg,6
tr/X000633.jpg,2
tr/X000634.jpg,2
tr/X000635.jpg,5
tr/X000636.jpg,5
tr/X000637.jpg,5
tr/X000638.jpg,2
tr/X000639.jpg,2
tr/X000640.jpg,3
tr/X000641.jpg,1
tr/X000642.jpg,3
tr/X000643.jpg,5
tr/X000644.jpg,5
tr/X000645.jpg,2
tr/X000646.jpg,6
tr/X000647.jpg,4
tr/X000648.jpg,2
tr/X000649.jpg,2
tr/X000650.jpg,3
tr/X000651.jpg,4
tr/X000652.jpg,2
tr/X000653.jpg,2
tr/X000654.jpg,3
tr/X000655.jpg,4
tr/X000656.jpg,5
tr/X000657.jpg,2
tr/X000658.jpg,5
tr/X000659.jpg,1
tr/X000660.jpg,5
tr/X000661.jpg,3
tr/X000662.jpg,5
tr/X000663.jpg,3
tr/X000664.jpg,4
tr/X000665.jpg,3
tr/X000666.jpg,4
tr/X000667.jpg,5
tr/X000668.jpg,1
tr/X000669.jpg,2
tr/X000670.jpg,2
tr/X000671.jpg,4
tr/X000672.jpg,4
tr/X000673.jpg,2
tr/X000674.jpg,2
tr/X000675.jpg,4
tr/X000676.jpg,2
tr/X000677.jpg,2
tr/X000678.jpg,4
tr/X000679.jpg,2
tr/X000680.jpg,1
tr/X000681.jpg,5
tr/X000682.jpg,2
tr/X000683.jpg,2
tr/X000684.jpg,2
tr/X000685.jpg,5
tr/X000686.jpg,2
tr/X000687.jpg,4
tr/X000688.jpg,2
tr/X000689.jpg,2
tr/X000690.jpg,6
tr/X000691.jpg,4
tr/X000692.jpg,3
tr/X000693.jpg,4
tr/X000694.jpg,6
tr/X000695.jpg,2
tr/X000696.jpg,3
tr/X000697.jpg,4
tr/X000698.jpg,4
tr/X000699.jpg,5
tr/X000700.jpg,4
tr/X000701.jpg,1
tr/X000702.jpg,2
tr/X000703.jpg,5
tr/X000704.jpg,2
tr/X000705.jpg,2
tr/X000706.jpg,5
tr/X000707.jpg,4
tr/X000708.jpg,2
tr/X000709.jpg,2
tr/X000710.jpg,4
tr/X000711.jpg,5
tr/X000712.jpg,4
tr/X000713.jpg,5
tr/X000714.jpg,5
tr/X000715.jpg,6
tr/X000716.jpg,2
tr/X000717.jpg,3
tr/X000718.jpg,4
tr/X000719.jpg,5
tr/X000720.jpg,1
tr/X000721.jpg,4
tr/X000722.jpg,6
tr/X000723.jpg,2
tr/X000724.jpg,2
tr/X000725.jpg,1
tr/X000726.jpg,3
tr/X000727.jpg,4
tr/X000728.jpg,1
tr/X000729.jpg,5
tr/X000730.jpg,4
tr/X000731.jpg,3
tr/X000732.jpg,1
tr/X000733.jpg,3
tr/X000734.jpg,5
tr/X000735.jpg,3
tr/X000736.jpg,6
tr/X000737.jpg,5
tr/X000738.jpg,4
tr/X000739.jpg,2
tr/X000740.jpg,5
tr/X000741.jpg,4
tr/X000742.jpg,1
tr/X000743.jpg,2
tr/X000744.jpg,4
tr/X000745.jpg,1
tr/X000746.jpg,2
tr/X000747.jpg,2
tr/X000748.jpg,3
tr/X000749.jpg,5
tr/X000750.jpg,6
tr/X000751.jpg,2
tr/X000752.jpg,4
tr/X000753.jpg,6
tr/X000754.jpg,3
tr/X000755.jpg,4
tr/X000756.jpg,5
tr/X000757.jpg,3
tr/X000758.jpg,4
tr/X000759.jpg,4
tr/X000760.jpg,4
tr/X000761.jpg,4
tr/X000762.jpg,3
tr/X000763.jpg,3
tr/X000764.jpg,3
tr/X000765.jpg,2
tr/X000766.jpg,5
tr/X000767.jpg,2
tr/X000768.jpg,1
tr/X000769.jpg,3
tr/X000770.jpg,2
tr/X000771.jpg,4
tr/X000772.jpg,3
tr/X000773.jpg,3
tr/X000774.jpg,1
tr/X000775.jpg,2
tr/X000776.jpg,4
tr/X000777.jpg,3
tr/X000778.jpg,2
tr/X000779.jpg,2
tr/X000780.jpg,1
tr/X000781.jpg,6
tr/X000782.jpg,5
tr/X000783.jpg,4
tr/X000784.jpg,3
tr/X000785.jpg,2
tr/X000786.jpg,5
tr/X000787.jpg,5
tr/X000788.jpg,2
tr/X000789.jpg,3
tr/X000790.jpg,6
tr/X000791.jpg,2
tr/X000792.jpg,4
tr/X000793.jpg,6
tr/X000794.jpg,1
tr/X000795.jpg,5
tr/X000796.jpg,1
tr/X000797.jpg,4
tr/X000798.jpg,4
tr/X000799.jpg,4
tr/X000800.jpg,2
tr/X000801.jpg,1
tr/X000802.jpg,3
tr/X000803.jpg,2
tr/X000804.jpg,2
tr/X000805.jpg,5
tr/X000806.jpg,1
tr/X000807.jpg,5
tr/X000808.jpg,1
tr/X000809.jpg,1
tr/X000810.jpg,4
tr/X000811.jpg,3
tr/X000812.jpg,3
tr/X000813.jpg,3
tr/X000814.jpg,6
tr/X000815.jpg,5
tr/X000816.jpg,1
tr/X000817.jpg,6
tr/X000818.jpg,4
tr/X000819.jpg,1
tr/X000820.jpg,4
tr/X000821.jpg,2
tr/X000822.jpg,4
tr/X000823.jpg,5
tr/X000824.jpg,1
tr/X000825.jpg,5
tr/X000826.jpg,3
tr/X000827.jpg,1
tr/X000828.jpg,5
tr/X000829.jpg,1
tr/X000830.jpg,4
tr/X000831.jpg,4
tr/X000832.jpg,4
tr/X000833.jpg,1
tr/X000834.jpg,4
tr/X000835.jpg,3
tr/X000836.jpg,2
tr/X000837.jpg,1
tr/X000838.jpg,1
tr/X000839.jpg,4
tr/X000840.jpg,1
tr/X000841.jpg,2
tr/X000842.jpg,1
tr/X000843.jpg,1
tr/X000844.jpg,1
tr/X000845.jpg,1
tr/X000846.jpg,2
tr/X000847.jpg,4
tr/X000848.jpg,4
tr/X000849.jpg,3
tr/X000850.jpg,3
tr/X000851.jpg,1
tr/X000852.jpg,3
tr/X000853.jpg,3
tr/X000854.jpg,1
tr/X000855.jpg,2
tr/X000856.jpg,3
tr/X000857.jpg,4
tr/X000858.jpg,3
tr/X000859.jpg,3
tr/X000860.jpg,6
tr/X000861.jpg,1
tr/X000862.jpg,3
tr/X000863.jpg,3
tr/X000864.jpg,5
tr/X000865.jpg,4
tr/X000866.jpg,5
tr/X000867.jpg,2
tr/X000868.jpg,3
tr/X000869.jpg,1
tr/X000870.jpg,5
tr/X000871.jpg,2
tr/X000872.jpg,2
tr/X000873.jpg,5
tr/X000874.jpg,3
tr/X000875.jpg,4
tr/X000876.jpg,2
tr/X000877.jpg,4
tr/X000878.jpg,5
tr/X000879.jpg,5
tr/X000880.jpg,4
tr/X000881.jpg,3
tr/X000882.jpg,4
tr/X000883.jpg,3
tr/X000884.jpg,5
tr/X000885.jpg,3
tr/X000886.jpg,4
tr/X000887.jpg,3
tr/X000888.jpg,4
tr/X000889.jpg,5
tr/X000890.jpg,5
tr/X000891.jpg,4
tr/X000892.jpg,5
tr/X000893.jpg,1
tr/X000894.jpg,4
tr/X000895.jpg,3
tr/X000896.jpg,5
tr/X000897.jpg,3
tr/X000898.jpg,4
tr/X000899.jpg,2
tr/X000900.jpg,2
tr/X000901.jpg,5
tr/X000902.jpg,4
tr/X000903.jpg,1
tr/X000904.jpg,1
tr/X000905.jpg,3
tr/X000906.jpg,3
tr/X000907.jpg,4
tr/X000908.jpg,4
tr/X000909.jpg,4
tr/X000910.jpg,3
tr/X000911.jpg,1
tr/X000912.jpg,5
tr/X000913.jpg,1
tr/X000914.jpg,4
tr/X000915.jpg,1
tr/X000916.jpg,5
tr/X000917.jpg,5
tr/X000918.jpg,4
tr/X000919.jpg,3
tr/X000920.jpg,6
tr/X000921.jpg,3
tr/X000922.jpg,4
tr/X000923.jpg,3
tr/X000924.jpg,5
tr/X000925.jpg,3
tr/X000926.jpg,1
tr/X000927.jpg,1
tr/X000928.jpg,4
tr/X000929.jpg,3
tr/X000930.jpg,4
tr/X000931.jpg,1
tr/X000932.jpg,3
tr/X000933.jpg,1
tr/X000934.jpg,5
tr/X000935.jpg,1
tr/X000936.jpg,2
tr/X000937.jpg,5
tr/X000938.jpg,5
tr/X000939.jpg,4
tr/X000940.jpg,4
tr/X000941.jpg,3
tr/X000942.jpg,6
tr/X000943.jpg,2
tr/X000944.jpg,1
tr/X000945.jpg,5
tr/X000946.jpg,5
tr/X000947.jpg,2
tr/X000948.jpg,2
tr/X000949.jpg,3
tr/X000950.jpg,5
tr/X000951.jpg,1
tr/X000952.jpg,3
tr/X000953.jpg,4
tr/X000954.jpg,4
tr/X000955.jpg,3
tr/X000956.jpg,6
tr/X000957.jpg,4
tr/X000958.jpg,2
tr/X000959.jpg,4
tr/X000960.jpg,5
tr/X000961.jpg,3
tr/X000962.jpg,4
tr/X000963.jpg,4
tr/X000964.jpg,1
tr/X000965.jpg,2
tr/X000966.jpg,2
tr/X000967.jpg,4
tr/X000968.jpg,3
tr/X000969.jpg,4
tr/X000970.jpg,5
tr/X000971.jpg,6
tr/X000972.jpg,4
tr/X000973.jpg,4
tr/X000974.jpg,1
tr/X000975.jpg,5
tr/X000976.jpg,3
tr/X000977.jpg,5
tr/X000978.jpg,4
tr/X000979.jpg,5
tr/X000980.jpg,1
tr/X000981.jpg,4
tr/X000982.jpg,2
tr/X000983.jpg,3
tr/X000984.jpg,4
tr/X000985.jpg,2
tr/X000986.jpg,6
tr/X000987.jpg,3
tr/X000988.jpg,1
tr/X000989.jpg,3
tr/X000990.jpg,1
tr/X000991.jpg,1
tr/X000992.jpg,4
tr/X000993.jpg,6
tr/X000994.jpg,1
tr/X000995.jpg,4
tr/X000996.jpg,4
tr/X000997.jpg,4
tr/X000998.jpg,2
tr/X000999.jpg,6
tr/X001000.jpg,1
tr/X001001.jpg,1
tr/X001002.jpg,3
tr/X001003.jpg,2
tr/X001004.jpg,2
tr/X001005.jpg,1
tr/X001006.jpg,4
tr/X001007.jpg,4
tr/X001008.jpg,3
tr/X001009.jpg,5
tr/X001010.jpg,4
tr/X001011.jpg,5
tr/X001012.jpg,2
tr/X001013.jpg,4
tr/X001014.jpg,5
tr/X001015.jpg,4
tr/X001016.jpg,3
tr/X001017.jpg,2
tr/X001018.jpg,3
tr/X001019.jpg,3
tr/X001020.jpg,5
tr/X001021.jpg,3
tr/X001022.jpg,3
tr/X001023.jpg,6
tr/X001024.jpg,4
tr/X001025.jpg,1
tr/X001026.jpg,2
tr/X001027.jpg,2
tr/X001028.jpg,5
tr/X001029.jpg,4
tr/X001030.jpg,4
tr/X001031.jpg,6
tr/X001032.jpg,1
tr/X001033.jpg,2
tr/X001034.jpg,3
tr/X001035.jpg,5
tr/X001036.jpg,2
tr/X001037.jpg,4
tr/X001038.jpg,2
tr/X001039.jpg,2
tr/X001040.jpg,6
tr/X001041.jpg,6
tr/X001042.jpg,4
tr/X001043.jpg,5
tr/X001044.jpg,2
tr/X001045.jpg,4
tr/X001046.jpg,6
tr/X001047.jpg,4
tr/X001048.jpg,3
tr/X001049.jpg,6
tr/X001050.jpg,2
tr/X001051.jpg,4
tr/X001052.jpg,2
tr/X001053.jpg,5
tr/X001054.jpg,2
tr/X001055.jpg,4
tr/X001056.jpg,1
tr/X001057.jpg,4
tr/X001058.jpg,1
tr/X001059.jpg,1
tr/X001060.jpg,3
tr/X001061.jpg,5
tr/X001062.jpg,2
tr/X001063.jpg,5
tr/X001064.jpg,5
tr/X001065.jpg,1
tr/X001066.jpg,4
tr/X001067.jpg,5
tr/X001068.jpg,5
tr/X001069.jpg,4
tr/X001070.jpg,2
tr/X001071.jpg,4
tr/X001072.jpg,4
tr/X001073.jpg,6
tr/X001074.jpg,2
tr/X001075.jpg,2
tr/X001076.jpg,2
tr/X001077.jpg,3
tr/X001078.jpg,4
tr/X001079.jpg,1
tr/X001080.jpg,2
tr/X001081.jpg,1
tr/X001082.jpg,2
tr/X001083.jpg,6
tr/X001084.jpg,5
tr/X001085.jpg,2
tr/X001086.jpg,2
tr/X001087.jpg,4
tr/X001088.jpg,4
tr/X001089.jpg,5
tr/X001090.jpg,2
tr/X001091.jpg,4
tr/X001092.jpg,4
tr/X001093.jpg,5
tr/X001094.jpg,5
tr/X001095.jpg,2
tr/X001096.jpg,6
tr/X001097.jpg,1
tr/X001098.jpg,1
tr/X001099.jpg,4
tr/X001100.jpg,1
tr/X001101.jpg,5
tr/X001102.jpg,6
tr/X001103.jpg,2
tr/X001104.jpg,5
tr/X001105.jpg,4
tr/X001106.jpg,4
tr/X001107.jpg,2
tr/X001108.jpg,3
tr/X001109.jpg,4
tr/X001110.jpg,5
tr/X001111.jpg,4
tr/X001112.jpg,6
tr/X001113.jpg,5
tr/X001114.jpg,4
tr/X001115.jpg,3
tr/X001116.jpg,4
tr/X001117.jpg,6
tr/X001118.jpg,2
tr/X001119.jpg,5
tr/X001120.jpg,4
tr/X001121.jpg,1
tr/X001122.jpg,5
tr/X001123.jpg,4
tr/X001124.jpg,2
tr/X001125.jpg,1
tr/X001126.jpg,3
tr/X001127.jpg,2
tr/X001128.jpg,4
tr/X001129.jpg,5
tr/X001130.jpg,4
tr/X001131.jpg,4
tr/X001132.jpg,5
tr/X001133.jpg,6
tr/X001134.jpg,1
tr/X001135.jpg,6
tr/X001136.jpg,1
tr/X001137.jpg,2
tr/X001138.jpg,3
tr/X001139.jpg,1
tr/X001140.jpg,2
tr/X001141.jpg,5
tr/X001142.jpg,3
tr/X001143.jpg,1
tr/X001144.jpg,1
tr/X001145.jpg,3
tr/X001146.jpg,4
tr/X001147.jpg,2
tr/X001148.jpg,2
tr/X001149.jpg,1
tr/X001150.jpg,2
tr/X001151.jpg,1
tr/X001152.jpg,5
tr/X001153.jpg,1
tr/X001154.jpg,2
tr/X001155.jpg,1
tr/X001156.jpg,1
tr/X001157.jpg,1
tr/X001158.jpg,4
tr/X001159.jpg,4
tr/X001160.jpg,3
tr/X001161.jpg,2
tr/X001162.jpg,3
tr/X001163.jpg,2
tr/X001164.jpg,5
tr/X001165.jpg,3
tr/X001166.jpg,5
tr/X001167.jpg,6
tr/X001168.jpg,5
tr/X001169.jpg,4
tr/X001170.jpg,4
tr/X001171.jpg,4
tr/X001172.jpg,5
tr/X001173.jpg,4
tr/X001174.jpg,5
tr/X001175.jpg,2
tr/X001176.jpg,1
tr/X001177.jpg,5
tr/X001178.jpg,2
tr/X001179.jpg,1
tr/X001180.jpg,1
tr/X001181.jpg,4
tr/X001182.jpg,3
tr/X001183.jpg,2
tr/X001184.jpg,5
tr/X001185.jpg,2
tr/X001186.jpg,5
tr/X001187.jpg,6
tr/X001188.jpg,5
tr/X001189.jpg,2
tr/X001190.jpg,3
tr/X001191.jpg,1
tr/X001192.jpg,3
tr/X001193.jpg,3
tr/X001194.jpg,4
tr/X001195.jpg,1
tr/X001196.jpg,2
tr/X001197.jpg,5
tr/X001198.jpg,4
tr/X001199.jpg,4
tr/X001200.jpg,4
tr/X001201.jpg,6
tr/X001202.jpg,3
tr/X001203.jpg,1
tr/X001204.jpg,3
tr/X001205.jpg,5
tr/X001206.jpg,5
tr/X001207.jpg,4
tr/X001208.jpg,4
tr/X001209.jpg,5
tr/X001210.jpg,1
tr/X001211.jpg,1
tr/X001212.jpg,2
tr/X001213.jpg,3
tr/X001214.jpg,5
tr/X001215.jpg,3
tr/X001216.jpg,2
tr/X001217.jpg,4
tr/X001218.jpg,2
tr/X001219.jpg,2
tr/X001220.jpg,5
tr/X001221.jpg,6
tr/X001222.jpg,5
tr/X001223.jpg,3
tr/X001224.jpg,2
tr/X001225.jpg,6
tr/X001226.jpg,4
tr/X001227.jpg,1
tr/X001228.jpg,4
tr/X001229.jpg,5
tr/X001230.jpg,2
tr/X001231.jpg,3
tr/X001232.jpg,2
tr/X001233.jpg,2
tr/X001234.jpg,6
tr/X001235.jpg,3
tr/X001236.jpg,2
tr/X001237.jpg,4
tr/X001238.jpg,4
tr/X001239.jpg,4
tr/X001240.jpg,3
tr/X001241.jpg,2
tr/X001242.jpg,3
tr/X001243.jpg,5
tr/X001244.jpg,2
tr/X001245.jpg,5
tr/X001246.jpg,2
tr/X001247.jpg,5
tr/X001248.jpg,2
tr/X001249.jpg,3
tr/X001250.jpg,1
tr/X001251.jpg,1
tr/X001252.jpg,2
tr/X001253.jpg,2
tr/X001254.jpg,5
tr/X001255.jpg,1
tr/X001256.jpg,1
tr/X001257.jpg,2
tr/X001258.jpg,6
tr/X001259.jpg,4
tr/X001260.jpg,2
tr/X001261.jpg,4
tr/X001262.jpg,3
tr/X001263.jpg,1
